search_keyword,brand,name,product_url,image_url,original_price,discounted_price,rating,reviews,available_sizes,breadcrumb
white shirt,U.S. Polo Assn.,Men Classic Spread Collar Solid Cotton Casual Shirt,https://www.myntra.com/shirts/u.s.+polo+assn./us-polo-assn-men-classic-spread-collar-solid-cotton-casual-shirt/30650432/buy,"https://assets.myntassets.com/h_720,q_90,w_540/v1/assets/images/2024/AUGUST/20/unBDSYJy_784769d2d99249bf9dd613fe90f0d3be.jpg",MRP ‚Çπ2499,‚Çπ1674,"4.2
|
97 Ratings","The U.S. Polo Assn. white shirt is a solid choice for anyone looking for a clean, crisp look with a touch of brand flair. The fabric is breathable and feels comfortable for all-day wear. It holds its shape well after multiple washes, and the stitching is quite durable, which adds to its premium feel.",39 (In Stock); 40 (In Stock); 42 (In Stock); 44 (In Stock); 46 (In Stock),
white shirt,The Collection,Men Classic Fit Solid Spread Collar Cotton Formal Shirt,https://www.myntra.com/shirts/the+collection/the-collection-men-classic-fit-solid-spread-collar-cotton-formal-shirt/34629688/buy,"https://assets.myntassets.com/h_720,q_90,w_540/v1/assets/images/2025/MAY/31/nuQZXK74_fc9d6f0fea7a4234b5337668b01ec72e.jpg",MRP ‚Çπ2999,‚Çπ1499,N/A,No reviews,38 (In Stock); 40 (In Stock); 42 (In Stock); 44 (In Stock); 46 (In Stock),
white shirt,Roadster,Men White Casual Shirt,https://www.myntra.com/shirts/roadster/roadster-men-white-casual-shirt/10398123/buy,"https://assets.myntassets.com/h_720,q_90,w_540/v1/assets/images/10398123/2019/12/3/52795871-cf37-46bd-a128-8d3479c767d81575349640658-Roadster-Men-Shirts-3221575349637459-1.jpg",MRP ‚Çπ1299,‚Çπ532,"4.2
|
15.2k Ratings","Satisfied. Fabric is not as thick as I anticipated but feels good after wearing. Recommended product. Size Tip: I'm 5'10, slightly lean with broad shoulders. I ordered 38 size i.e., S. Fitting is perfect in terms of length. width and shoulders.",38 (In Stock); 40 (In Stock); 42 (In Stock); 44 (In Stock),
white shirt,Arrow,Men Slim Fit Cutaway Collar Formal Cotton Shirt,https://www.myntra.com/shirts/arrow/arrow-men-slim-fit-cutaway-collar-formal-cotton-shirt/21697608/buy,"https://assets.myntassets.com/h_720,q_90,w_540/v1/assets/images/21697608/2024/11/8/c9fa9842-9546-4f5c-bda8-94f9392be94c1731084389411-Arrow-Men-Slim-Fit-Cutaway-Collar-Formal-Cotton-Shirt-280173-1.jpg",MRP ‚Çπ2499,‚Çπ1674,"4.4
|
370 Ratings","The shirt material is amazing, the size is perfect. If you are looking for good fabric, fitting, length & colour, go for it. It's a 5 star from my side. | It's a very nice shirt... just take it without having a doubt. U will love it.",38 (In Stock); 39 (In Stock); 40 (In Stock); 42 (In Stock); 44 (In Stock); 46 (In Stock),
white shirt,Style Quotient,Women White Formal Shirt,https://www.myntra.com/shirts/style+quotient/style-quotient-women-white-formal-shirt/19761198/buy,"https://assets.myntassets.com/h_720,q_90,w_540/v1/assets/images/19761198/2022/9/2/e05a447d-e6c7-4a5a-91ce-7b7972646f491662107951495StyleQuotientWomenWhiteClassicFormalShirt1.jpg",MRP ‚Çπ1499,‚Çπ1484,"4.1
|
5.6k Ratings","This is not cotton, it has mixed or crepe type of material i was expecting cotton material i don't know why people in review section are commenting its pure cotton..? No its not! don't get fooled, if you are looking for pure cotton then try to avoid this product but over all fitting is good but a bit tighter on arms for me...Got it in offer range which is quit enough for this product but more then usual price is too much for this shirt. | 1. Classic Design: The clean white color and simple yet polished look make it a versatile piece for various occasions. 2. Comfortable Fabric: Crafted from soft and breathable material, it ensures comfort even during long hours of wear. 3. Perfect Fit: Available in various sizes, it offers a flattering fit that enhances your overall appearance. 4. Easy to Style: Pairs seamlessly with trousers, skirts, or even jeans for a chic and professional look. 5. Affordable Pricing: Offers great value for money without compromising on style or quality.","XS
Rs. 628 (In Stock); S
Rs. 1484 (In Stock); M
Rs. 1484 (In Stock); L
Rs. 1484 (In Stock); XL
Rs. 628 (In Stock)",
white shirt,The Indian Garage Co,Men White Checked Casual Shirt,https://www.myntra.com/shirts/the+indian+garage+co/the-indian-garage-co-men-white-checked-casual-shirt/19718260/buy,"https://assets.myntassets.com/h_720,q_90,w_540/v1/assets/images/19718260/2022/9/10/ce9ee786-c1ad-4c12-8f23-c634711712fc1662795352218-The-Indian-Garage-Co-Men-Shirts-5201662795351653-1.jpg",MRP ‚Çπ2199,‚Çπ571,"4.2
|
4k Ratings","""I'm absolutely loving this shirt! The material is so comfortable and breathable, perfect for everyday wear. The fit is great, and the design is really cool. I've worn it to work and to casual outings, and I've gotten compliments both times. The quality of the shirt is top-notch, and the price is very reasonable. Highly recommend!"" | I‚Äôm really happy with my experience! The fabric is super comfortable and feels great on the skin. The fit is perfect ‚Äî exactly as described in the size chart. The color and design are just like the pictures, and the overall quality exceeded my expectations. Delivery was fast and the packaging was neat too | This shirt is perfect for slim people and it is good for skinny fat people also it look really nice don't go on pic in real life it look very nice and the fabric qualities very good and it is quality for money I highly recommend if you are looking for daily wear or something like casual this is the best option you can get.",38 (In Stock); 40 (In Stock); 42 (In Stock); 44 (In Stock); 46 (In Stock),
white shirt,Arrow,Men Slim Fit Opaque Cotton Linen Formal Shirt,https://www.myntra.com/shirts/arrow/arrow-men-slim-fit-opaque-cotton-linen-formal-shirt/25154896/buy,"https://assets.myntassets.com/h_720,q_90,w_540/v1/assets/images/25154896/2023/9/25/e627fb00-337c-46fd-ac91-0386a7a8a36a1695647711669ArrowMenWhiteSlimFitOpaqueFormalShirt1.jpg",MRP ‚Çπ2699,‚Çπ1754,"4.1
|
31 Ratings","Very good quality. Go for itüëç | Good fabric and colour | Great shirt, but fabric feels a little cheap",38 (In Stock); 39 (In Stock); 40 (In Stock); 42 (In Stock); 44 (In Stock); 46 (In Stock),
white shirt,Roadster,Women White Solid Casual Shirt,https://www.myntra.com/shirts/roadster/roadster-women-white-solid-casual-shirt/14615072/buy,"https://assets.myntassets.com/h_720,q_90,w_540/v1/assets/images/14615072/2021/8/3/8fbe23e7-c373-4dc3-b0d4-800fd3e0469d1627986262796-Roadster-Women-White-Casual-Shirt-7181627986262282-1.jpg",MRP ‚Çπ1799,‚Çπ683,"4.2
|
2.7k Ratings",Good quality from Roadster.. It's not transparent and sheer. I bought size XS.. I usually go for M.,S (In Stock); M (In Stock); XL (In Stock); XXL (In Stock),
white shirt,The Indian Garage Co,Men White Checked Casual Shirt,https://www.myntra.com/shirts/the+indian+garage+co/the-indian-garage-co-men-white-checked-casual-shirt/16711092/buy,"https://assets.myntassets.com/h_720,q_90,w_540/v1/assets/images/16711092/2022/1/19/f429dfac-06e3-4435-9231-12881e6f1b301642586050198-The-Indian-Garage-Co-Men-Shirts-4471642586049595-1.jpg",MRP ‚Çπ1749,‚Çπ454,"4.2
|
2.1k Ratings","Fit and Comfort: The shirt has a regular fit, which is perfect for everyday wear. It‚Äôs not too tight or too loose, and the cotton fabric feels soft against the skin. Whether you‚Äôre heading to the office or a casual outing, this shirt keeps you comfortable all day. Style and Design: The green color with navy blue checks adds a touch of sophistication. The spread collar and long sleeves give it a classic look. I appreciate the attention to detail, such as the curved hem and the single patch pocket. It‚Äôs versatile enough to pair with jeans, chinos, or even dress pants. Durability: The stitching quality is excellent, ensuring that the shirt will withstand regular wear and washing. I‚Äôve worn it a few times already, and it still looks as good as new. | Comfort: 8/10 ‚Äì Soft fabric, feels easy and relaxed all day. Color: 9.5/10 ‚Äì Classic navy and white checks, super versatile and timeless. Fit: 9/10 ‚Äì Perfectly tailored, gives a smart and fitted look. Quality: 8/10 ‚Äì Strong stitching and premium button quality. Versatility: 9/10 ‚Äì Works with chinos, jeans, and even under jackets for layering. Overall: 8.5/10 ‚Äì A classic check shirt you can never go wrong with!‚ú®Ô∏è","38
Rs. 454 (In Stock); 40
Rs. 454 (In Stock); 42
Rs. 454 (In Stock); 44
Rs. 1749 (In Stock); 46
Rs. 454 (In Stock)",
white shirt,RARE RABBIT,Men Comfort Floral Printed Casual Shirt,https://www.myntra.com/shirts/rare+rabbit/rare-rabbit-men-comfort-floral-printed-casual-shirt/34098682/buy,"https://assets.myntassets.com/h_720,q_90,w_540/v1/assets/images/2025/MAY/10/x0Czzz8M_e6c940f78fdc4e138cce8f77da996413.jpg",MRP,MRP‚Çπ 3499,N/A,No reviews,38 (In Stock); 40 (In Stock); 42 (In Stock); 44 (In Stock); 46 (In Stock); 48 (In Stock),
black dress,Trendyol,Polka Dot Printed One Shoulder Sheath Midi Dress,https://www.myntra.com/dresses/trendyol/trendyol-polka-dot-printed-one-shoulder-sheath-midi-dress/29789180/buy,"https://assets.myntassets.com/h_720,q_90,w_540/v1/assets/images/29789180/2024/5/27/9194c4aa-c08b-4241-9793-849a45948ef21716804163706TrendyolPolkaDotPrintSheathMidiDress1.jpg",MRP ‚Çπ2499,‚Çπ1124,"4
|
540 Ratings",Perfect dress for a date night or a casual outing with your girlies. I just loved the fabric and the style of the dress is just all love. This is a dress you can accessorise and repeat again and again and I m sure you‚Äôll love wearing it every time .,XS (In Stock); S (In Stock); M (In Stock); L (In Stock); XL (In Stock),
black dress,COLOR CAPITAL,Boat Neck Ruched Sheath Maxi Dress,https://www.myntra.com/dresses/color+capital/color-capital-boat-neck-ruched-sheath-maxi-dress/29838824/buy,"https://assets.myntassets.com/h_720,q_90,w_540/v1/assets/images/29838824/2024/5/29/4ec1b25c-56d2-474f-be34-36ae75f6eb191716967302675COLORCAPITALSheathMaxiDress1.jpg",MRP ‚Çπ3198,‚Çπ790,"4.1
|
207 Ratings","It's just perfect,very very elegant,classy ,sexy red dressüéÄ‚ù§Ô∏è‚ù§Ô∏èüòçüòçüòçüòçI was skeptical about it first but when I wore it properly,it fitted me really so well, I'm 32 busted and generally fits XS but since XS was unavailable when I ordered,I ordered S and thought about altering by tailor but damnn S itself fitted me so wellü§åü§åü§åalso I'm 5""0 ft in height so a bit long but not too long also,heels will help it to maintain,I'm in love with this dressü´∂‚ù§Ô∏èüòç | This dress is so sooo beautiful that I just couldn't wait to show you all Most importantly it is under Budget and the quality is just great Can't give anything less than 10/10 for this #ValentineDayLooks",XS (In Stock); S (In Stock); M (In Stock); L (In Stock),
black dress,KALINI,Ethnic Motifs Printed Cotton Fit & Flare Midi Dress,https://www.myntra.com/dresses/kalini/kalini-ethnic-motifs-printed-cotton-fit--flare-midi-dress/32782501/buy,"https://assets.myntassets.com/h_720,q_90,w_540/v1/assets/images/2025/FEBRUARY/14/aVmoYn9c_acf4e1b4e79847098a88490f9a74d810.jpg",MRP ‚Çπ2999,‚Çπ839,N/A,"Pure cotton and extremely comfortable. Soft color..it's not too bright and deep in color if you're looking for it..I liked it. Length wise it's was close to my ankle and my height is 5'4 wasn't wearing heels. So make your choice accordingly. | ‚ÄúThe perfect fit that understood the assignment! üî• Snug where it should be, comfortable where I need it ‚Äî this dress is serving all the right vibes. 10/10 sassy, classy, and a total show-stopper!‚Äù | This outfits is so modest ü•∞ and in cotton material , quality is so good as well üòªü•∞",S (In Stock); M (In Stock); L (In Stock); XL (In Stock); XXL (In Stock),
black dress,BAESD,Girls Floral Flutter Sleeve Net Fit & Flare Dress,https://www.myntra.com/dresses/baesd/baesd-girls-floral-flutter-sleeve-net-fit--flare-dress/29524964/buy,"https://assets.myntassets.com/h_720,q_90,w_540/v1/assets/images/29524964/2024/5/14/28f21d13-9753-4337-b032-e41403e6eb3e1715663385068BAESDFloralFlutterSleeveNetFitFlareDress1.jpg",MRP ‚Çπ1999,‚Çπ499,"4.1
|
1.6k Ratings",This is a very nice frock. Fabric is so comfy and non itchy at all. My niece was so so happy wearing this Frock and was refusing to remove it at all.. Don‚Äôt think twice. Just go for it..,"6-12M
Rs. 599 (In Stock); 1-2Y
Rs. 599 (In Stock); 2-3Y
Rs. 599 (In Stock); 3-4Y
Rs. 499 (In Stock); 4-5Y
Rs. 499 (In Stock); 5-6Y
Rs. 499 (In Stock)",
black dress,Superminis,Girls Denim Shirt Dress with Embroidered Pocket,https://www.myntra.com/dresses/superminis/superminis-girls-denim-shirt-dress-with-embroidered-pocket/30418261/buy,"https://assets.myntassets.com/h_720,q_90,w_540/v1/assets/images/2024/JULY/31/16Ercwh5_8bbfa788abe349098962a64b4f2dc8ce.jpg",MRP ‚Çπ1599,‚Çπ749,"4.2
|
121 Ratings","Beautiful,just perfect | Very good quality,bmy daughter loved it | Fabric is very soft & good also unique style",3-4Y (In Stock); 4-5Y (In Stock); 5-6Y (In Stock); 6-7Y (In Stock); 7-8Y (In Stock); 8-10Y (In Stock),
black dress,ROSEMELON,Print A-Line Dress,https://www.myntra.com/dresses/rosemelon/rosemelon-print-a-line-dress/32551243/buy,"https://assets.myntassets.com/h_720,q_90,w_540/v1/assets/images/2025/JANUARY/29/ZxeUa6xE_7dea796b837845b3b0c461d686db499e.jpg",MRP ‚Çπ1999,‚Çπ759,"4.1
|
8 Ratings",No reviews,S (In Stock); M (In Stock); L (In Stock); XL (In Stock),
black dress,Athena Immutable,Scuba Formal Sheath Dress,https://www.myntra.com/dresses/athena+immutable/athena-immutable-scuba-formal-sheath-dress/28997482/buy,"https://assets.myntassets.com/h_720,q_90,w_540/v1/assets/images/28997482/2024/4/17/8e0aa886-e189-467f-81ef-83d79b2e589a1713336006842AthenaImmutableScubaFormalSheathDress1.jpg",MRP ‚Çπ2499,‚Çπ1149,"4
|
183 Ratings","The black one-piece dress is a must-have for any wardrobe due to its versatility and timeless elegance. It can easily be dressed up or down for any occasion, and the flattering fit enhances your silhouette. Made from comfortable, breathable fabrics, it's perfect for all-day wear. Plus, its easy maintenance makes it practical for everyday use. Overall, it‚Äôs a stylish and functional choice that never goes out of fashion. | I really liked this outfit & it fits so well. I added this belt to style the outfit. It looks so classy! ‚ô•Ô∏è‚ô•Ô∏è Thank you, Myntra! ‚ô•Ô∏è‚ô•Ô∏è",XS (In Stock); S (In Stock); M (In Stock); L (In Stock); XL (In Stock); XXL (In Stock),
black dress,Antheaa,Black & Rust Orange Floral Print Tiered Midi Fit & Flare Dress with Ruffles,https://www.myntra.com/dresses/antheaa/antheaa-black--rust-orange-floral-print-tiered-midi-fit--flare-dress-with-ruffles/12595594/buy,"https://assets.myntassets.com/h_720,q_90,w_540/v1/assets/images/12595594/2020/10/15/b6e22b58-3450-468f-afeb-3218b6ce7acb1602737925709SareemallNavyBluePolyChiffonSolidEthnicPartywearSareewithMat1.jpg",MRP ‚Çπ2459,‚Çπ1204,"4.3
|
14.3k Ratings","I purchased this dress after reading a lot of good reviews. Fabric is feather light, print is nice, it's sleeve and neck design are good. But in the product I received, there were lot of extra thread stitching faults. Finishing was not upto the standard. There were fabric ends unstitched and unfinished. Because it's dark color it's not prominently visible but for the price paid I would say the finishing of the product was poor. So overall design was good but finishing was poor for the price. I have purchased better quality dresses on Myntra at lower prices. So this review is in comparison with those and the prices. Dress looks nice when you were and click pictures and flaws are not visible. But if you are like me particular about those small details then I don't recommend buying this one. | A knee length dress with ruffle and tiers puffed sleeves a v-neck.material quality is good too ü§©","XS
Rs. 1204 (In Stock); S
Rs. 1204 (In Stock); M
Rs. 1204 (In Stock); L
Rs. 1204 (In Stock); XL
Rs. 1352 (In Stock); XXL
Rs. 1204 (In Stock)",
black dress,ROSEMELON,Floral Print A-Line Midi Dress,https://www.myntra.com/dresses/rosemelon/rosemelon-floral-print-a-line-midi-dress/32182823/buy,"https://assets.myntassets.com/h_720,q_90,w_540/v1/assets/images/2025/JANUARY/2/21goMSDw_8e85103aad12477491b6e51d797722db.jpg",MRP ‚Çπ1999,‚Çπ679,"4.2
|
10 Ratings",Nice colour soft cotton fabric comfortable dress must buy,S (In Stock); M (In Stock); L (In Stock); XL (In Stock),
black dress,StyleCast,Bell Sleeve Ruffled Satin Fit & Flare Mini Dress,https://www.myntra.com/dresses/stylecast/stylecast-bell-sleeve-ruffled-satin-fit--flare-mini-dress/32703107/buy,"https://assets.myntassets.com/h_720,q_90,w_540/v1/assets/images/2025/APRIL/23/1Z4EdsWD_427aed1400ba4e7e9d1b7075d64faf39.jpg",MRP ‚Çπ3249,‚Çπ1202,N/A,"Amazing!! Best dress I have ever purchased tbh. I love the quality and the fabric is not itchy at all. As someone with extremely sensitive skin, I was worried about the mesh fabric being itchy or getting snaged and ruining the look of the dress. But it's extremely high quality! 11/10",S (In Stock); M (In Stock); L (In Stock),
denim jeans,RARE ONES,Rare Ones Boys Relax Fit Denim Pant,https://www.myntra.com/jeans/rare+ones/rare-ones-boys-relax-fit-denim-pant/31749681/buy,"https://assets.myntassets.com/h_720,q_90,w_540/v1/assets/images/2024/NOVEMBER/26/yTn73vFx_5b13e880e0a0476e869afb50d7b291ac.jpg",MRP ‚Çπ2499,‚Çπ1999,N/A,"Worth product. Size, fit and quality but the price is little high so i suggest buyers to wait for the drop.",6-7Y (In Stock); 8-9Y (In Stock); 9-10Y (In Stock); 10-11Y (In Stock); 11-12Y (In Stock); 13-14Y (In Stock); 15-16Y (In Stock),
denim jeans,Tommy Hilfiger,Men Regular Fit Mid-Rise Light Fade Stretchable Jeans,https://www.myntra.com/jeans/tommy+hilfiger/tommy-hilfiger-men-regular-fit-mid-rise-light-fade-stretchable-jeans/33891742/buy,"https://assets.myntassets.com/h_720,q_90,w_540/v1/assets/images/2025/MAY/3/2HqXC8fg_0c262109590b45a0bfaf8901d1f733e3.jpg",MRP ‚Çπ8999,‚Çπ6299,N/A,No reviews,30 (In Stock); 32 (In Stock); 34 (In Stock); 36 (In Stock); 38 (In Stock),
denim jeans,HIGHLANDER,Men Grey Tapered Fit Mid-Rise Clean Look Jeans,https://www.myntra.com/jeans/highlander/highlander-men-grey-tapered-fit-mid-rise-clean-look-jeans/13842400/buy,"https://assets.myntassets.com/h_720,q_90,w_540/v1/assets/images/13842400/2025/2/15/2fa8742a-bcfd-4290-93b0-0a9000589c1d1739614865809-HIGHLANDER-Men-Grey-Tapered-Fit-Mid-Rise-Clean-Look-Jeans-22-1.jpg",MRP ‚Çπ1449,‚Çπ362,"3.7
|
3.5k Ratings","I bought it by seeing images. I received the exact product and quality is so good ... Worth buying here at this platform... Amazing experience here... Product quality is so good ... Price is also good and time to time you get offer also... | This product is amazing! The quality is top-notch, and it performs exceptionally well. It has exceeded my expectations in every way. Highly recommend this to anyone looking for a reliable and efficient solution! | Last product was local company and not good quality. But this one i received good nd company jeans i m satisfied mayntra services.",30 (In Stock); 32 (In Stock); 34 (In Stock); 36 (In Stock); 38 (In Stock),
denim jeans,FOREVER FRIDAY,Girls Cotton Mid-Rise Light Fade Jeans,https://www.myntra.com/jeans/forever+friday/forever-friday-girls-cotton-mid-rise-light-fade-jeans/31862892/buy,"https://assets.myntassets.com/h_720,q_90,w_540/v1/assets/images/2024/DECEMBER/6/eOCVkChF_70d096fba979497c810200e8254af493.jpg",MRP ‚Çπ2299,‚Çπ666,N/A,No reviews,1Y (In Stock); 1-2Y (In Stock); 2-3Y (In Stock); 3-4Y (In Stock); 5-6Y (In Stock); 7-8Y (In Stock),
denim jeans,Tommy Hilfiger,Men Slim Fit Mildly Distressed Light Fade Stretchable Jeans,https://www.myntra.com/jeans/tommy+hilfiger/tommy-hilfiger-men-slim-fit-mildly-distressed-light-fade-stretchable-jeans/32304853/buy,"https://assets.myntassets.com/h_720,q_90,w_540/v1/assets/images/32304853/2025/1/11/af5129b2-63dc-436e-b7f7-cd67012445051736596321502TommyHilfigerMenSlimFitMildlyDistressedLightFadeStretchableJ1.jpg",MRP,MRP‚Çπ 6999,N/A,No reviews,30 (In Stock); 32 (In Stock); 34 (In Stock); 36 (In Stock); 38 (In Stock),
denim jeans,Levis,Men 512 Slim Tapered Fit Light Fade Stretchable Jeans,https://www.myntra.com/jeans/levis/levis-men-512-slim-tapered-fit-light-fade-stretchable-jeans/25756918/buy,"https://assets.myntassets.com/h_720,q_90,w_540/v1/assets/images/25756918/2024/3/8/c414567e-ffb4-4fc7-8670-6ab0c245b1141709890977853-Levis-Men-512-Slim-Tapered-Fit-Light-Fade-Stretchable-Jeans--1.jpg",MRP ‚Çπ2999,‚Çπ989,"4.2
|
386 Ratings","This is my second time ordering from Myntra, and while I was disappointed to find the plastic cover torn, making me question the authenticity at first, the jeans turned out to be genuine. However, the damaged packaging still left me a bit skeptical. On the bright side, the delivery was on time, and I received the correct size. The color and stitching were exactly on point, just as advertised, which was a relief. I really hope Myntra improves the packaging part, but overall, I‚Äôm happy with the product quality. | These jeans offer a perfect balance of comfort and style. The slim yet relaxed fit enhances the overall silhouette without feeling too tight. The medium-wash denim gives it a classic and versatile appeal, making it easy to pair with both casual and semi-formal outfits. The fabric appears durable yet flexible, ensuring all-day comfort. The minimal detailing keeps the design sleek and timeless. Whether styled with a casual plaid shirt or a crisp white tee, these jeans elevate the look effortlessly. Ideal for everyday wear, they provide a stylish edge while maintaining a comfortable, easygoing vibe. A must-have wardrobe staple!",28 (In Stock); 30 (In Stock); 32 (In Stock); 36 (In Stock); 38 (In Stock); 40 (In Stock); 42 (In Stock),
denim jeans,Levis,Men 513 Straight Fit Light Fade Stretchable Jeans,https://www.myntra.com/jeans/levis/levis-men-513-straight-fit-light-fade-stretchable-jeans/26322000/buy,"https://assets.myntassets.com/h_720,q_90,w_540/v1/assets/images/26322000/2024/3/21/70fcd9ff-9ee8-42e5-ac12-acfadc4978751711000096405-Levis-Men-Jeans-831711000095988-1.jpg",MRP ‚Çπ3299,‚Çπ1319,"4.3
|
171 Ratings","Great fit and super comfy! The denim feels durable, with just the right stretch. Stylish enough for a night out, yet perfect for everyday wear. Definitely a wardrobe essential.",28 (In Stock); 30 (In Stock); 32 (In Stock); 34 (In Stock); 36 (In Stock); 38 (In Stock); 40 (In Stock); 42 (In Stock),
denim jeans,RARE RABBIT,Men Reims Slim Fit Cotton Jeans,https://www.myntra.com/jeans/rare+rabbit/rare-rabbit-men-reims-slim-fit-cotton-jeans/25038620/buy,"https://assets.myntassets.com/h_720,q_90,w_540/v1/assets/images/25038620/2023/9/16/fc3e278a-2994-4da0-ba9a-5c5e42cd32241694870398093RARERABBITMenBlueSlimFitLightFadeStretchableJeans1.jpg",MRP ‚Çπ3999,‚Çπ2919,"4.2
|
89 Ratings",Good material and comfortable fitting | Its not good but its not bad‚Ä¶its just okay. Wont buy jeans from rare rabit again | Good product and good fit,"28
Rs. 2919 (In Stock); 30
Rs. 2919 (In Stock); 32
Rs. 2919 (In Stock); 34
Rs. 2919 (In Stock); 36
Rs. 2919 (In Stock); 38
Rs. 1599 (In Stock)",
denim jeans,SPYKAR,Men Skinny Slim Fit Low-Rise Mildly Distressed Heavy Fade Stretchable Jeans,https://www.myntra.com/jeans/spykar/spykar-men-skinny-slim-fit-low-rise-mildly-distressed-heavy-fade-stretchable-jeans/31536020/buy,"https://assets.myntassets.com/h_720,q_90,w_540/v1/assets/images/31536020/2024/12/16/8c0f0922-df28-4061-b11d-5f1f8c1f5af11734341169049-SPYKAR-Men-Jeans-8411734341168357-1.jpg",MRP ‚Çπ4499,‚Çπ1259,"3.7
|
23 Ratings",No reviews,30 (In Stock); 32 (In Stock); 34 (In Stock); 36 (In Stock); 38 (In Stock),
denim jeans,Mast & Harbour,Men Black Slim Tapered Fit Mid-Rise Clean Look Stretchable Jeans,https://www.myntra.com/jeans/mast+%26+harbour/mast--harbour-men-black-slim-tapered-fit-mid-rise-clean-look-stretchable-jeans/12542788/buy,"https://assets.myntassets.com/h_720,q_90,w_540/v1/assets/images/12542788/2020/12/7/4d3e4af7-2f73-4323-9712-ca357bd32e281607324091191-Mast--Harbour-Men-Jeans-1021607324088711-1.jpg",MRP ‚Çπ2499,‚Çπ724,"3.7
|
2.9k Ratings",As per the price fabric is good but if you'll make comparisons of size with the other brands you'll find loose from everywhere. So if yours waist size is 32 then go for 30. | Very nice product,28 (In Stock); 30 (In Stock); 32 (In Stock); 34 (In Stock); 36 (In Stock),
summer kurti,Rensa,Women Floral Embroidered Thread Work Short Kurti,https://www.myntra.com/kurtis/rensa/rensa-women-floral-embroidered-thread-work-short-kurti/34107676/buy,"https://assets.myntassets.com/h_720,q_90,w_540/v1/assets/images/2025/MAY/13/X64hLdE2_77d28326bfde4d6387fba3f9bb8218c2.jpg",MRP ‚Çπ2199,‚Çπ813,N/A,No reviews,XS (In Stock); S (In Stock); M (In Stock); L (In Stock); XL (In Stock),
summer kurti,Rensa,Ethnic Motifs Embroidered Thread Work Kurti,https://www.myntra.com/kurtis/rensa/rensa-ethnic-motifs-embroidered-thread-work-kurti/34107670/buy,"https://assets.myntassets.com/h_720,q_90,w_540/v1/assets/images/2025/MAY/13/PKmaEk5U_8718525c28a541e1b450bd4ac671c73d.jpg",MRP ‚Çπ2199,‚Çπ813,N/A,No reviews,XS (In Stock); S (In Stock); M (In Stock); L (In Stock); XL (In Stock),
co-ord set,Nap Chief,Girls Harry Potter Hogwarts Crest Printed Pure Cotton T-Shirt With Trouser,https://www.myntra.com/clothing-set/nap+chief/nap-chief-girls-harry-potter-hogwarts-crest-printed-pure-cotton-t-shirt-with-trouser/33357616/buy,"https://assets.myntassets.com/h_720,q_90,w_540/v1/assets/images/33357616/2025/4/5/6e1f6742-26df-42b8-be8b-d1696d6d8e031743874869405-Nap-Chief-Girls-Harry-Potter-Hogwarts-Crest-Printed-Pure-Cot-1.jpg",MRP ‚Çπ1990,‚Çπ1293,"4.4
|
29 Ratings",Nice and comfortable | Very nice | Best product,5-6Y (In Stock); 9-10Y (In Stock); 11-12Y (In Stock); 13-14Y (In Stock),
co-ord set,Somersault,Boys Pure Cotton Kurta with Pyjamas,https://www.myntra.com/clothing-set/somersault/somersault-boys-pure-cotton-kurta-with-pyjamas/26956426/buy,"https://assets.myntassets.com/h_720,q_90,w_540/v1/assets/images/26956426/2025/5/31/02ef2d62-367d-41a2-889e-933d84b421381748700517365-Somersault-Boys-Pure-Cotton-Kurta-with-Pyjamas-5571748700516-1.jpg",MRP ‚Çπ1899,‚Çπ1329,N/A,No reviews,Newborn (In Stock); 0-3M (In Stock); 3-6M (In Stock); 6-9M (In Stock); 9-12M (In Stock),
co-ord set,HERE&NOW,Kids Pack Of 2 Spider-Man Printed T-Shirt With Shorts,https://www.myntra.com/clothing-set/here%26now/herenow-kids-pack-of-2-spider-man-printed-t-shirt-with-shorts/28016326/buy,"https://assets.myntassets.com/h_720,q_90,w_540/v1/assets/images/28016326/2024/3/4/84083465-84ef-4844-a92b-ccb897e526121709542804776ClothingSet1.jpg",MRP ‚Çπ2595,‚Çπ519,"4.4
|
121 Ratings",Loved it,"1-2Y
Rs. 473 (In Stock); 2-3Y
Rs. 473 (In Stock); 3-4Y
Rs. 473 (In Stock); 4-5Y
Rs. 519 (In Stock); 5-6Y
Rs. 519 (In Stock); 6-7Y
Rs. 519 (In Stock); 7-8Y
Rs. 539 (In Stock); 8-9Y
Rs. 539 (In Stock); 9-10Y
Rs. 539 (In Stock)",
co-ord set,BAESD,Kids Pack Of 4 Printed Pure Cotton T-shirt with Shorts,https://www.myntra.com/clothing-set/baesd/baesd-kids-pack-of-4-printed-pure-cotton-t-shirt-with-shorts/30850461/buy,"https://assets.myntassets.com/h_720,q_90,w_540/v1/assets/images/2024/SEPTEMBER/7/Qztmv59r_3f08d3cfb5b94302b05a1eac0b190681.jpg",MRP ‚Çπ1699,‚Çπ594,"3.6
|
1.2k Ratings",Very nice cloths and good quality,0-6M (In Stock); 6-12M (In Stock); 1-2Y (In Stock); 2-3Y (In Stock); 3-4Y (In Stock); 4-5Y (In Stock),
co-ord set,Nap Chief,Kids Garfield Printed Short Sleeves Pure Cotton T-shirt With Shorts,https://www.myntra.com/clothing-set/nap+chief/nap-chief-kids-garfield-printed-short-sleeves-pure-cotton-t-shirt-with-shorts/35102525/buy,"https://assets.myntassets.com/h_720,q_90,w_540/v1/assets/images/35102525/2025/6/26/0fbe5fa4-a8ea-48f9-9e3e-0a0aa3a462301750928863169-Nap-Chief-Kids-Garfield-Printed-Short-Sleeves-Pure-Cotton-T--1.jpg",MRP ‚Çπ1490,‚Çπ983,N/A,Fabulous product,5-6Y (In Stock); 7-8Y (In Stock); 9-10Y (In Stock); 11-12Y (In Stock); 13-14Y (In Stock),
co-ord set,BLOOD PANTHER,Boys Mickey Mouse Printed Hooded Sweatshirt With Shorts,https://www.myntra.com/clothing-set/blood+panther/blood-panther-boys-mickey-mouse-printed-hooded-sweatshirt-with-shorts/34806314/buy,"https://assets.myntassets.com/h_720,q_90,w_540/v1/assets/images/2025/JUNE/7/Que0gpup_84255218cd5b4b2b978da411a826d34f.jpg",MRP ‚Çπ999,‚Çπ649,"2.5
|
41 Ratings",Material is not good | An average product . Don't buy not comfortable for children poor cloth quality | Don‚Äôt buy very poor quality,1Y (In Stock); 12-18M (In Stock); 2Y (In Stock); 2-3Y (In Stock); 3-4Y (In Stock); 4-5Y (In Stock); 5-6Y (In Stock),
co-ord set,Lofn,Kids Printed Hooded Pure Cotton Sweatshirt With Joggers,https://www.myntra.com/clothing-set/lofn/lofn-kids-printed-hooded-pure-cotton-sweatshirt-with-joggers/32150122/buy,"https://assets.myntassets.com/h_720,q_90,w_540/v1/assets/images/2024/DECEMBER/31/wZpOGJOQ_c291e6e6411f445691583aaabef49ffb.jpg",MRP ‚Çπ998,‚Çπ499,"2.9
|
45 Ratings",Neck Shoulder size very small | Exlent product,0-6M (In Stock); 6-12M (In Stock); 1-2Y (In Stock); 2-3Y (In Stock); 3-4Y (In Stock); 4-5Y (In Stock),
co-ord set,BAESD,Girls Printed Mandarin Collar Top With Jogger,https://www.myntra.com/clothing-set/baesd/baesd-girls-printed-mandarin-collar-top-with-jogger/31602856/buy,"https://assets.myntassets.com/h_720,q_90,w_540/v1/assets/images/2024/NOVEMBER/12/zl33lioO_7f708560555b4602ad558c877cfe5089.jpg",MRP ‚Çπ2499,‚Çπ1780,"4.2
|
15 Ratings",No reviews,0-1Y (In Stock); 1-2Y (In Stock); 2-3Y (In Stock); 3-4Y (In Stock); 4-5Y (In Stock); 5-6Y (In Stock); 6-7Y (In Stock); 7-8Y (In Stock); 8-9Y (In Stock); 9-10Y (In Stock),
co-ord set,Toonyport,Kids Pack Of 2 Printed Pure Cotton T-shirt with Shorts,https://www.myntra.com/clothing-set/toonyport/toonyport-kids-pack-of-2-printed-pure-cotton-t-shirt-with-shorts/28320900/buy,"https://assets.myntassets.com/h_720,q_90,w_540/v1/assets/images/28320900/2024/3/16/9a82cc1d-be7b-4991-9409-e820a9f6e72d1710606899960ClothingSet1.jpg",MRP ‚Çπ1559,‚Çπ590,"4.4
|
188 Ratings",Nice drees or size bhi fit thi..... or kapda bhi bhut soft tha.... thank you mintra üíØüíØ Very good quality üíØüíØüíØüíØ | Fits well for my nephew. Both pairs look awesome and are really worth the money paid. I looked out for many products of the same brands and they look great.,12-18M (In Stock); 18-24M (In Stock); 2-3Y (In Stock); 3-4Y (In Stock); 5-6Y (In Stock); 7-8Y (In Stock),
co-ord set,INCLUD,Infant Boys T-shirt with Striped Shorts,https://www.myntra.com/clothing-set/includ/includ-infant-boys-t-shirt-with-striped-shorts/27998028/buy,"https://assets.myntassets.com/h_720,q_90,w_540/v1/assets/images/27998028/2024/3/2/0a1ae5f6-e9f9-4527-a200-2719326d2d701709376286061BoysT-shirtwithStripedShortsSet1.jpg",MRP ‚Çπ1099,‚Çπ725,"3.2
|
55 Ratings","The fitting is very good, good quality material and bright colour. | Not of great quality. Threads are out already. | Shorts quality was poor",1-2Y (In Stock); 3-4Y (In Stock); 5-6Y (In Stock); 6-7Y (In Stock),
oversized t-shirt,RARE ONES,Rare Ones Boys Applique Boxy Fit T-Shirt,https://www.myntra.com/tshirts/rare+ones/rare-ones-boys-applique-boxy-fit-t-shirt/31461307/buy,"https://assets.myntassets.com/h_720,q_90,w_540/v1/assets/images/2024/OCTOBER/31/8L62mHpI_e684ba2fb4564ec695359371e8b14e48.jpg",MRP ‚Çπ1299,‚Çπ1039,"4.5
|
8 Ratings",I will not return this product my so already wear this t shirt he love the colour of the t shirt | I lov it,6-7Y (In Stock); 8-9Y (In Stock); 9-10Y (In Stock); 10-11Y (In Stock); 11-12Y (In Stock); 13-14Y (In Stock); 15-16Y (In Stock),
oversized t-shirt,RARE ONES,Rare Ones Boys Placement Print Boxy T-Shirt,https://www.myntra.com/tshirts/rare+ones/rare-ones-boys-placement-print-boxy-t-shirt/31461275/buy,"https://assets.myntassets.com/h_720,q_90,w_540/v1/assets/images/31461275/2025/3/29/98910cd4-2ebc-4855-ad7c-8b579cb2bf2a1743254859174-Rare-Ones-Boys-Placement-Print-Boxy-T-Shirt-6721743254858772-1.jpg",MRP ‚Çπ1299,‚Çπ1039,"4.8
|
70 Ratings","My kid like this t shirt very much . And wear again and again | Beautiful one üëçüèª | Good quality,very happy",6-7Y (In Stock); 8-9Y (In Stock); 9-10Y (In Stock); 10-11Y (In Stock); 11-12Y (In Stock); 13-14Y (In Stock),
oversized t-shirt,Marks & Spencer,Kids Pure Cotton T-shirt,https://www.myntra.com/tshirts/marks+%26+spencer/marks--spencer-kids-pure-cotton-t-shirt/33448029/buy,"https://assets.myntassets.com/h_720,q_90,w_540/v1/assets/images/2025/APRIL/2/aZgaff3u_d8acb8bcf193441ca5d213457b0d445d.jpg",MRP ‚Çπ799,‚Çπ511,N/A,No reviews,"7-8Y
Rs. 511 (In Stock); 9-10Y
Rs. 799 (In Stock); 11-12Y
Rs. 511 (In Stock); 13-14Y
Rs. 511 (In Stock)",
oversized t-shirt,Maniac,Striped Round Neck T-shirt,https://www.myntra.com/tshirts/maniac/maniac-striped-round-neck-t-shirt/28727814/buy,"https://assets.myntassets.com/h_720,q_90,w_540/v1/assets/images/28727814/2024/4/6/c19682d1-9d4c-4d38-9451-45331bab81851712384125011ManiacMenStripedV-NeckDrop-ShoulderSleevesPocketsT-shirt1.jpg",MRP ‚Çπ1569,‚Çπ486,"4.2
|
2.8k Ratings","The top is absolutely amazing. Soft and Comfortable T-shirt I recently bought this t- shirt and I love it. The fabric is very soft and breathable, perfect for all-day wear. The design and ombre colour style is different from the usual male clothing. It fits well and looks great for both casual and slightly dressed-up occasions. The cloth is purely cotton and a comfortable choice for summers. | It is very good according to the price soft material can wear everyday I have been using this since 2 months n it is still in good condition","S
Rs. 486 (In Stock); M
Rs. 486 (In Stock); L
Rs. 486 (In Stock); XL
Rs. 486 (In Stock); XXL
Rs. 596 (In Stock); 3XL
Rs. 596 (In Stock); 4XL
Rs. 596 (In Stock)",
oversized t-shirt,RARE ONES,Rare Ones Boys Oversized Graphic Print T-Shirt,https://www.myntra.com/tshirts/rare+ones/rare-ones-boys-oversized-graphic-print-t-shirt/31461278/buy,"https://assets.myntassets.com/h_720,q_90,w_540/v1/assets/images/2024/OCTOBER/31/Y3R7x3Vn_6d717161d99d48a18a903ff9e5323597.jpg",MRP ‚Çπ1299,‚Çπ909,"4.7
|
37 Ratings",Very mnice cloth. Si smooth | Smooth as silk such a fantastic fabric and color | Very good,9-10Y (In Stock); 10-11Y (In Stock); 11-12Y (In Stock); 13-14Y (In Stock),
oversized t-shirt,Bewakoof,x Official Marvel Merchandise The King Graphic Printed Oversized Vest,https://www.myntra.com/tshirts/bewakoof/bewakoof-x-official-marvel-merchandise-the-king-graphic-printed-oversized-vest/22534898/buy,"https://assets.myntassets.com/h_720,q_90,w_540/v1/assets/images/22534898/2023/3/28/7ff6c7c4-a719-44ba-a136-bcc8ca0b06841679995153490Tshirts1.jpg",MRP ‚Çπ1449,‚Çπ549,"4.6
|
461 Ratings","Good Quality Product, Cotton material perfect for summers, exercise. Size is great. Print and color Quality is great. Value for money . | The quality is Top notch the flow on body is amazing ü§© for 6.1 to 6.2 height recommended is XL of you are not Fully skinny.",S (In Stock); M (In Stock); L (In Stock); XL (In Stock); XXL (In Stock),
oversized t-shirt,NOBERO,Typography Printed Pure Cotton Drop-Shoulder Sleeves Oversized T-shirt,https://www.myntra.com/tshirts/nobero/nobero-typography-printed-pure-cotton-drop-shoulder-sleeves-oversized-t-shirt/27486510/buy,"https://assets.myntassets.com/h_720,q_90,w_540/v1/assets/images/27486510/2024/4/18/70a5615e-783c-471e-ad38-1bdaddc00d311713414775633-NOBERO-Typography-Printed-Pure-Cotton-Drop-Shoulder-Sleeves--7.jpg",MRP ‚Çπ1799,‚Çπ499,"4.2
|
280 Ratings",Quality i love ... It is a beautiful product..i love it | Very soft fabric and the comfortable feeling. It looks exactly as shown in the image | Pretty much u get wut u expect...it's as good as I was hoping for it to be üëåüëç,S (In Stock); M (In Stock); L (In Stock); XL (In Stock); XXL (In Stock); 3XL (In Stock),
oversized t-shirt,RARE ONES,Rare Ones Boys Graphic Back Print Oversized T-shirt,https://www.myntra.com/tshirts/rare+ones/rare-ones-boys-graphic-back-print-oversized-t-shirt/30889844/buy,"https://assets.myntassets.com/h_720,q_90,w_540/v1/assets/images/2024/SEPTEMBER/6/JXOazrxU_2f41f91d7cca4de2adefdbbce7c546ce.jpg",MRP ‚Çπ1699,‚Çπ1359,N/A,No reviews,6-7Y (In Stock); 8-9Y (In Stock); 9-10Y (In Stock); 10-11Y (In Stock); 11-12Y (In Stock); 13-14Y (In Stock); 15-16Y (In Stock),
oversized t-shirt,NOBERO,Graphic Printed Oversized T-shirt,https://www.myntra.com/tshirts/nobero/nobero-graphic-printed-oversized-t-shirt/26858810/buy,"https://assets.myntassets.com/h_720,q_90,w_540/v1/assets/images/26858810/2024/3/19/038d09b0-220e-488d-8707-d0b6c1b769991710836863241-NOBERO-Graphic-Printed-Oversized-T-shirt-6021710836863167-7.jpg",MRP ‚Çπ1799,‚Çπ485,"4.4
|
4.1k Ratings","This maroon round neck t-shirt is a great addition to any casual wardrobe. The fit is excellent, offering a comfortable and flattering look. The color is rich and vibrant, adding a stylish touch to casual outfits. It‚Äôs perfect for everyday wear, and the fabric feels soft and durable. Overall, it looks great and is a solid choice for anyone looking for a versatile, casual t-shirt. | Fabric of the tshirt is too much good and fits as well. Color of tshirt is bright and looks cool. Print also good not faded. It fits me verywell and looks beautiful on me. For down shoulder tshirt everybody must try this . So overall I must recommend this product.",S (In Stock); M (In Stock); L (In Stock); XL (In Stock); XXL (In Stock); 3XL (In Stock),
oversized t-shirt,Roadster,The Lifestyle Co. Drop-Shoulder Sleeves Oversized T-shirt,https://www.myntra.com/tshirts/roadster/the-roadster-lifestyle-co-drop-shoulder-sleeves-oversized-t-shirt/28583622/buy,"https://assets.myntassets.com/h_720,q_90,w_540/v1/assets/images/28583622/2024/8/24/a2713168-69a3-4d90-9617-ccedc148a75a1724480835747-Roadster-Men-Tshirts-1491724480835209-1.jpg",MRP ‚Çπ699,‚Çπ251,"4.1
|
64 Ratings",Its too baggy and loose... I have ordered 1 size down than what i wear usually but still it feels very loose | It's good but the drawback is not meant for people who has broad shoulder | Size ia too big i order S but the size is L this is little dissopointing soo pls fixx itt but the quality of material us very nice at this price point product ia very nice but size problem h,S (In Stock); M (In Stock); L (In Stock); XL (In Stock); XXL (In Stock),
sneakers,Nike,Air Jordan 1 Low Men Shoes,https://www.myntra.com/casual-shoes/nike/nike-air-jordan-1-low-men-shoes/34951262/buy,"https://assets.myntassets.com/h_720,q_90,w_540/v1/assets/images/2025/JUNE/17/v2qsSi4N_69e5ca4f0bec4ffdac66ba2c4b7b1f8b.jpg",MRP,MRP‚Çπ 8995,"4.7
|
18 Ratings",Cool,6 (In Stock); 7 (In Stock); 8 (In Stock); 10 (In Stock); 11 (In Stock); 12 (In Stock),
sneakers,Aretto,Kids Candy Floss Adaptive Fit Breathable Slip-On Sneakers with Anti-Skid Sole,https://www.myntra.com/casual-shoes/aretto/aretto-kids-candy-floss-adaptive-fit-breathable-slip-on-sneakers-with-anti-skid-sole/25243360/buy,"https://assets.myntassets.com/h_720,q_90,w_540/v1/assets/images/25243360/2025/1/15/fdac23f0-3253-47a2-8572-7e2246af2ad11736933181783-Aretto-Kids-Colourblocked-Anti-Skid--Enhanced-Slip-On-Shoes--1.jpg",MRP ‚Çπ2899,‚Çπ2609,"4.5
|
222 Ratings","These toddler shoes offer exceptional comfort, breathability, and flexibility, making them ideal for active little ones. The bendable soles mimic natural foot movement, promoting healthy development, while the non-skid design enhances safety by preventing slips. Toddlers can easily remove the shoes independently; however, they may require assistance when putting them on. The high-quality materials and construction suggest impressive durability, ensuring they withstand the rigors of daily toddler activities. | I bought Aretto shoes after hearing good reviews about their shoes. And after using it for 2 weeks now I do feel it's worth buying. Their front wide toe box , durable material used , stretchable quality is perfect for kids with growing feet. My 17months feel comfortable wearing these shoes. Highly recommended for parents to try!!",1-2Y (In Stock); 2-3Y (In Stock); 3-4Y (In Stock); 6-8Y (In Stock); 9-10Y (In Stock),
sneakers,HRX by Hrithik Roshan,Unisex Back To School Shoes,https://www.myntra.com/casual-shoes/hrx+by+hrithik+roshan/hrx-by-hrithik-roshan-unisex-back-to-school-shoes/29553912/buy,"https://assets.myntassets.com/h_720,q_90,w_540/v1/assets/images/29553912/2024/5/17/5f90bc0f-c248-4bff-8a88-54128a77c4a61715927218769HRXbyHrithikRoshanUnisexTexturedSneakers1.jpg",MRP ‚Çπ3699,‚Çπ850,"4.3
|
1.3k Ratings","I recently purchased a pair of HRX shoes from Myntra, and I must say, I‚Äôm thoroughly impressed! From the moment I unboxed them, the sleek design and premium finish caught my attention. What I Loved: ‚úî Comfort ‚Äì The cushioning is excellent, providing great support for long walks and workouts. ‚úî Stylish Design ‚Äì The trendy look makes it perfect for both casual wear and sports activities. ‚úî Lightweight & Durable ‚Äì Feels super light on the feet while being sturdy enough for daily use. ‚úî Perfect Fit ‚Äì True to size with a snug yet breathable fit. Overall, HRX shoes offer amazing value for money. Whether you're hitting the gym, going for a run, or just want a stylish everyday pair, these shoes won‚Äôt disappoint! Highly recommended! | I work as a sales man at a petrol pump. My duty is for about 8 hours in which I have to stand. It is very important for my feet to be comfortable during that time, otherwise I may get injured.Keeping that in mind, one day I saw these shoes on Myntra. And I wanted black shoes only. I liked their design very much and ordered them. I have been wearing them for almost 2 months. I am very happy | My son bought these and has been using them for over a month and he loves them. He uses 11 size and has a broad foot so difficult to get a good comfort fit. He loves theses shoes as they are very comfortable and for daily rough and tough use. He rides a bike and the shoe top is not damaged with the bike gear unlike other shoes. So I'm buying one for my husband too. Thank you",3 (In Stock); 4 (In Stock); 5 (In Stock); 6 (In Stock); 7 (In Stock); 8 (In Stock); 9 (In Stock); 10 (In Stock); 11 (In Stock),
sneakers,YK,Girls Black Textured Contrast Sole Comfort Insole Flyknit Slip-On Sneakers,https://www.myntra.com/casual-shoes/yk/yk-girls-black-textured-contrast-sole-comfort-insole-flyknit-slip-on-sneakers/26651886/buy,"https://assets.myntassets.com/h_720,q_90,w_540/v1/assets/images/26651886/2023/12/26/94ee27af-8c33-4eea-abae-029cb2025c8e1703580219796YKGirlsBlueColourblockedSlip-OnSneakers1.jpg",MRP ‚Çπ1999,‚Çπ539,"4.4
|
1.1k Ratings","Good looking, fair colour , super comfort. | The product is exactly the same as shown in the picture, very cute and comfortable. I highly recommend this if you are looking for something cute comfortable and affordable for your kid | Shopping at myntra was an amazing experience. The quality of the clothes, designs, and varieties are so trendy. The customer service is amazing, and delivery is hassle-free!",18-21M (In Stock); 21-24M (In Stock); 2-2.5Y (In Stock); 2.5-3Y (In Stock); 3-3.5Y (In Stock); 3.5-4Y (In Stock); 4-4.5Y (In Stock); 4.5-5Y (In Stock); 5-6Y (In Stock); 7.5-8Y (In Stock); 8.5-9Y (In Stock); 9-10Y (In Stock); 10.5-11Y (In Stock); 11-12Y (In Stock),
sneakers,Nike,Men Court Vision Low Sneakers,https://www.myntra.com/casual-shoes/nike/nike-men-court-vision-low-sneakers/25144992/buy,"https://assets.myntassets.com/h_720,q_90,w_540/v1/assets/images/25144992/2023/9/25/baf04161-799e-44c0-984d-5ab1f61ebe521695632299993NikeCourtVisionLowMenWovenDesignCasualSneakers1.jpg",MRP,MRP‚Çπ 5695,"4.4
|
815 Ratings",No reviews,6 (In Stock); 7 (In Stock); 8 (In Stock); 9 (In Stock); 10 (In Stock); 11 (In Stock),
sneakers,Fame Forever by Lifestyle,Girls Sneakers,https://www.myntra.com/casual-shoes/fame+forever+by+lifestyle/fame-forever-by-lifestyle-girls-sneakers/32820342/buy,"https://assets.myntassets.com/h_720,q_90,w_540/v1/assets/images/2025/FEBRUARY/19/L615AAVz_f0c1b8baddfb427cae7bd4d70c8299a1.jpg",MRP ‚Çπ1699,‚Çπ1104,"4.8
|
16 Ratings",Very comfortable shoes.,6-6.5Y (In Stock); 6.5-7Y (In Stock); 7-8Y (In Stock); 8-9Y (In Stock); 9-10Y (In Stock); 11-12Y (In Stock),
sneakers,Puma,Women Black Solid Sneakers,https://www.myntra.com/casual-shoes/puma/puma-women-black-solid-sneakers/19103746/buy,"https://assets.myntassets.com/h_720,q_90,w_540/v1/assets/images/19103746/2022/10/20/6beb5702-7a42-4493-8266-6c888ad644a51666266597717-Ivana-Womens-Shoes-271666266597486-1.jpg",MRP ‚Çπ3999,‚Çπ1599,"4.4
|
455 Ratings",It's Good ?(Note Solid Sneakers )as expected and Guys Don't Expect Softness Inside the Shoes .,3 (In Stock); 4 (In Stock); 5 (In Stock); 6 (In Stock),
sneakers,Nike,Men Perforated Air Force 1 '07 Sneakers,https://www.myntra.com/casual-shoes/nike/nike-men-perforated-air-force-1-07-sneakers/13327736/buy,"https://assets.myntassets.com/h_720,q_90,w_540/v1/assets/images/13327736/2024/2/9/ad5d48f4-311e-428d-91a5-be152a223a3e1707475060890-Nike-Men-Perforated-Air-Force-1-07-Sneakers-2361707475060603-1.jpg",MRP,MRP‚Çπ 7495,"4.5
|
2.5k Ratings","#N i k e ""Thanks to Myntra"" Air Force 1 is best üëå no doubt the leather quality of this shoes is top notch, recieved original shoes also the box recieved in good condition !! Myntra..it's request improve the time period of delivery !!",5.5 (In Stock); 6 (In Stock); 7 (In Stock); 8 (In Stock); 9 (In Stock); 10 (In Stock); 11 (In Stock); 12 (In Stock),
sneakers,Red Tape,Men Colourblocked Sneakers,https://www.myntra.com/casual-shoes/red+tape/red-tape-men-colourblocked-sneakers/33071259/buy,"https://assets.myntassets.com/h_720,q_90,w_540/v1/assets/images/2025/MARCH/6/a9zUEkS3_731e960429c049aa9b4306830b76c153.jpg",MRP ‚Çπ6299,‚Çπ1196,"4.4
|
162 Ratings","Red Tape shoes are generally considered a budget-friendly brand offering a balance of style and comfort. Reviews indicate they are often a good value for money, especially for casual wear and everyday use. However, some reviewers note that the quality of materials and durability may not be as high as more premium brands.",6 (In Stock); 7 (In Stock); 8 (In Stock); 9 (In Stock); 10 (In Stock),
sneakers,Red Tape,edge elevate series Men Colourblocked Sneakers,https://www.myntra.com/casual-shoes/red+tape/red-tape-edge-elevate-series-men-colourblocked-sneakers/34725035/buy,"https://assets.myntassets.com/h_720,q_90,w_540/v1/assets/images/2025/JUNE/5/11DNY9cP_e7e1130e436d444aad9f504257cf367b.jpg",MRP ‚Çπ7699,‚Çπ1462,"4.5
|
59 Ratings","These RedTape sneakers look stylish and modern with a clean white-grey design. They‚Äôre comfortable, well-cushioned, and perfect for daily wear. The build quality feels solid, and the breathable material adds to the comfort. A great choice for casual and sporty outfits.",6 (In Stock); 7 (In Stock); 8 (In Stock); 9 (In Stock); 10 (In Stock),
blue linen pants,TWIN BIRDS,Womens Navy Blue Cotton Linen Solid Straight Pants,https://www.myntra.com/trousers/twin+birds/twin-birds-womens-navy-blue-cotton-linen-solid-straight-pants/35084349/buy,"https://assets.myntassets.com/h_720,q_90,w_540/v1/assets/images/35084349/2025/6/23/32990ff5-5be7-4454-a3e7-b3cc520cea581750669499586-TWIN-BIRDS-Women-High-Rise-Pleated-Trousers-8441750669499063-1.jpg",MRP,MRP‚Çπ 799,N/A,No reviews,28 (In Stock); 30 (In Stock); 32 (In Stock); 34 (In Stock); 36 (In Stock); 38 (In Stock),
blue linen pants,JAINISH,Jainish Men Blue Linen Cotton Slim Fit Lounge Pants,https://www.myntra.com/lounge-pants/jainish/jainish-men-blue-linen-cotton-slim-fit-lounge-pants/15391570/buy,"https://assets.myntassets.com/h_720,q_90,w_540/v1/assets/images/15391570/2021/9/7/4e5055e6-1b01-4f99-9181-e11adb1342c41631009417360JainishMensLinenCottonLoungePants1.jpg",MRP ‚Çπ1499,‚Çπ494,"4
|
21 Ratings",It is an amazing lounge pant in linen. Very very good quality material and fits great. Make sure to buy atleast 2 sizes bigger for greater comfort. Am definitely going to buy more colors in this one. ? | So smooth and gently fit... Like to wear this product. before it's too loose down side but after fitting it's good ... Nice one üëçgo for it | They did not mentioned that you have to dry clean it! Fabric is amazing Fit is okey I recomend one size bigger for comfort,S (In Stock); M (In Stock); L (In Stock); XL (In Stock); XXL (In Stock); 3XL (In Stock),
blue linen pants,NEVER NEUD,Men Relaxed Fancy Linen Trousers,https://www.myntra.com/trousers/never+neud/never-neud-men-relaxed-fancy-linen-trousers/32543551/buy,"https://assets.myntassets.com/h_720,q_90,w_540/v1/assets/images/2025/JANUARY/29/nyyRau2d_38cfb84cc4c14e819c4efb3113631c5d.jpg",MRP ‚Çπ2799,‚Çπ1147,N/A,"Not like what look in the picture, stuff was not of good quality",28 (In Stock); 30 (In Stock); 32 (In Stock); 34 (In Stock); 36 (In Stock),
blue linen pants,DAMENSCH,Premium Cotton-Linen Lounge Pant,https://www.myntra.com/lounge-pants/damensch/damensch-premium-cotton-linen-lounge-pant/28952912/buy,"https://assets.myntassets.com/h_720,q_90,w_540/v1/assets/images/28952912/2024/5/31/dc45ed5a-5e5b-4652-81ac-49e09bce96201717151674282-DAMENSCH-Premium-Cotton-Linen-Lounge-Pant-41717151673840-1.jpg",MRP ‚Çπ1799,‚Çπ1601,"3.9
|
38 Ratings","The product is very lightweight and comfortable. After using this product for 1 week now I recommend this to all my kiths and kins. | Received the product today and totally loved it. The color, finish and the stitching is flawless. It‚Äôs same as shown in Myntra product images. Feels very comfortable to wear and breathable. | This is amaging product.cloth is verry cool and light weight.its a comfortable give verry filings filing.i am verry happy with this product",L (In Stock); XL (In Stock); XXL (In Stock),
blue linen pants,PAUL STREET,Men Solid Regular Fit Linen Trousers,https://www.myntra.com/trousers/paul+street/paul-street-men-solid-regular-fit-linen-trousers/30713901/buy,"https://assets.myntassets.com/h_720,q_90,w_540/v1/assets/images/2024/AUGUST/24/BIH6grU7_8206870903514b54922eb05bf9d079b7.jpg",MRP ‚Çπ2795,‚Çπ1199,"3.7
|
35 Ratings","It has comfortable fabric as well as decent fitting after 10 wash also, I don't have any issue of colour fading. | The classic fit is slightly short, but it‚Äôs definitely worth it. Go for it!",30 (In Stock); 32 (In Stock); 34 (In Stock); 36 (In Stock); 38 (In Stock),
blue linen pants,Big Bunny,Men Custom Opaque Casual Shirt,https://www.myntra.com/shirts/big+bunny/big-bunny-men-custom-opaque-casual-shirt/32916628/buy,"https://assets.myntassets.com/h_720,q_90,w_540/v1/assets/images/2025/FEBRUARY/25/WMJmlaFS_5c62ca4e6998411d99110a8f9bdb78b3.jpg",MRP ‚Çπ2255,‚Çπ699,"3
|
6 Ratings","Good fit & fabric quality, perfect to wear it as summer outfit.",40 (In Stock); 42 (In Stock); 44 (In Stock); 48 (In Stock); 50 (In Stock),
blue linen pants,CAVALLO by Linen Club,Men Contemporary Slim Fit Opaque Striped Casual Shirt,https://www.myntra.com/shirts/cavallo+by+linen+club/cavallo-by-linen-club-men-contemporary-slim-fit-opaque-striped-casual-shirt/30189135/buy,"https://assets.myntassets.com/h_720,q_90,w_540/v1/assets/images/30189135/2024/JULY/11/mRj3t4k7_409f0b5507ac4e6a80fbfb357105433c.jpg",MRP ‚Çπ1999,‚Çπ899,N/A,Fine quality ‚ò∫Ô∏è,39 (In Stock); 40 (In Stock); 42 (In Stock); 44 (In Stock); 46 (In Stock),
blue linen pants,Powerlook,Navy Linen Pant,https://www.myntra.com/trousers/powerlook/powerlook-navy-linen-pant/33070212/buy,"https://assets.myntassets.com/h_720,q_90,w_540/v1/assets/images/2025/MARCH/5/elVECs4f_69da41391ffd458eb105c5a308556864.jpg",MRP ‚Çπ2699,‚Çπ1052,"3.7
|
9 Ratings",No Doubts Go For It . | The brand doesnt pay attention to the global size standard. Looks like they are drunk while making the product. For Powerlook 30‚Äù = 32‚Äù.,28 (In Stock); 30 (In Stock); 32 (In Stock); 34 (In Stock); 36 (In Stock),
blue linen pants,BEVDAAS,Men Relaxed Mid-Rise Easy Wash Korean Pants,https://www.myntra.com/trousers/bevdaas/bevdaas-men-relaxed-mid-rise-easy-wash-korean-pants/35217418/buy,"https://assets.myntassets.com/h_720,q_90,w_540/v1/assets/images/2025/JUNE/27/TUJvyWhL_3326694a5288410d85136b9366450271.jpg",MRP ‚Çπ4665,‚Çπ1399,N/A,No reviews,30 (In Stock); 32 (In Stock); 34 (In Stock); 36 (In Stock); 38 (In Stock),
blue linen pants,CAVALLO by Linen Club,Men Contemporary Slim Fit Opaque Casual Shirt,https://www.myntra.com/shirts/cavallo+by+linen+club/cavallo-by-linen-club-men-contemporary-slim-fit-opaque-casual-shirt/30189145/buy,"https://assets.myntassets.com/h_720,q_90,w_540/v1/assets/images/30189145/2024/JULY/11/WazZ6wqI_fd575be6834c4c329853544036a206db.jpg",MRP ‚Çπ1999,‚Çπ899,N/A,Good colour,39 (In Stock); 40 (In Stock); 42 (In Stock); 44 (In Stock),
pink blazer for women,Hubberholme,Oversized Notched Lapel Single Breasted Blazer,https://www.myntra.com/blazers/hubberholme/hubberholme-oversized-notched-lapel-single-breasted-blazer/33413724/buy,"https://assets.myntassets.com/h_720,q_90,w_540/v1/assets/images/2025/MARCH/29/aOrlzPUe_3e19bcf403b8480cab5d2e6b042c3c28.jpg",MRP ‚Çπ6699,‚Çπ2813,N/A,No reviews,S (In Stock); M (In Stock); L (In Stock); XL (In Stock),
pink blazer for women,FableStreet,Women Notched Lapel Collar Single-Breasted Formal Blazers,https://www.myntra.com/blazers/fablestreet/fablestreet-women-notched-lapel-collar-single-breasted-formal-blazers/33583513/buy,"https://assets.myntassets.com/h_720,q_90,w_540/v1/assets/images/2025/APRIL/12/QkfeYfqG_95946ac153c54617bfadd36e3a6e7e06.jpg",MRP ‚Çπ5995,‚Çπ5095,N/A,The blazer does not looks value for money.. its very thin | Good fit,XS (In Stock); S (In Stock); M (In Stock); L (In Stock); XL (In Stock),
pink blazer for women,All About You Formals,Women Pink & Grey Single-Breasted Checked Casual Blazer,https://www.myntra.com/blazers/all+about+you+formals/all-about-you-formals-women-pink--grey-single-breasted-checked-casual-blazer/14230962/buy,"https://assets.myntassets.com/h_720,q_90,w_540/v1/assets/images/14230962/2021/9/27/ed32543a-2592-42d0-8361-29ef5682705d1632725015476allaboutyouWomenPinkGreySingle-BreastedCheckedCasualBlazer3.jpg",MRP ‚Çπ4999,‚Çπ1499,"4.3
|
303 Ratings",Beautiful Blazer,S (In Stock); M (In Stock); L (In Stock); XL (In Stock),
pink blazer for women,Cottinfab,Single-Breasted Semiformal Blazer,https://www.myntra.com/blazers/cottinfab/cottinfab-single-breasted-semiformal-blazer/30572471/buy,"https://assets.myntassets.com/h_720,q_90,w_540/v1/assets/images/30572471/2024/8/29/44a6b360-358b-4a74-b35c-8ef8f20f988c1724905027882-Cottinfab-Women-Pink-Solid-Regular-Fit-Single-Breasted-Blaze-1.jpg",MRP ‚Çπ2699,‚Çπ1079,"3.8
|
66 Ratings",Nice blazer for girls,S (In Stock); M (In Stock); L (In Stock); XL (In Stock); XXL (In Stock); 3XL (In Stock),
pink blazer for women,TAHVO,Slim Fit Single Breasted Blazer,https://www.myntra.com/blazers/tahvo/tahvo-slim-fit-single-breasted-blazer/28496694/buy,"https://assets.myntassets.com/h_720,q_90,w_540/v1/assets/images/28496694/2024/3/26/424bd257-219a-4a8e-9c99-66584362f54c1711431747146Blazers1.jpg",MRP ‚Çπ5999,‚Çπ2939,"3.8
|
16 Ratings",Excellent wear,XS (In Stock); S (In Stock); M (In Stock); L (In Stock); XL (In Stock); XXL (In Stock),
pink blazer for women,CHIC BY TOKYO TALKIES,Oversized Double Breasted Notched Lapel Collar Blazer,https://www.myntra.com/blazers/chic+by+tokyo+talkies/chic-by-tokyo-talkies-oversized-double-breasted-notched-lapel-collar-blazer/33419062/buy,"https://assets.myntassets.com/h_720,q_90,w_540/v1/assets/images/2025/MARCH/31/oN9VLjk4_c2f26163fb894541850a41a8e49d0559.jpg",MRP ‚Çπ4399,‚Çπ1275,N/A,No reviews,"XS
Rs. 1275 (In Stock); S
Rs. 1439 (In Stock); M
Rs. 1275 (In Stock); L
Rs. 1275 (In Stock); XL
Rs. 1275 (In Stock); XXL
Rs. 1275 (In Stock)",
pink blazer for women,StyleCast,Pink Checked Notched Lapel Collar Double-Breasted Blazer,https://www.myntra.com/blazers/stylecast/stylecast-pink-checked-notched-lapel-collar-double-breasted-blazer/29093810/buy,"https://assets.myntassets.com/h_720,q_90,w_540/v1/assets/images/2025/APRIL/23/CioOsXKL_e8b308df9bd6419081bdd4c0bbae6f41.jpg",MRP ‚Çπ3699,‚Çπ1775,"3.9
|
10 Ratings",Quality and fit üëåüëåüëå.. just nice ‚ù§ | True to size !! For that perfect niche look !,S (In Stock); M (In Stock); L (In Stock); XL (In Stock),
pink blazer for women,Cottinfab,Women Pink & White Cotton Striped Front Open Blazer,https://www.myntra.com/blazers/cottinfab/cottinfab-women-pink--white-cotton-striped-front-open-blazer/16193056/buy,"https://assets.myntassets.com/h_720,q_90,w_540/v1/assets/images/16193056/2021/12/7/43934340-fc80-4c18-bad2-e29bf75164e21638872096023-Cottinfab-Women-Pink--White-Cotton-Striped-Front-Open-Blazer-1.jpg",MRP ‚Çπ2499,‚Çπ999,"4.2
|
388 Ratings",It‚Äôs more kind of attractive because of the color and I love it,S (In Stock); M (In Stock); L (In Stock); XL (In Stock); XXL (In Stock); 3XL (In Stock),
pink blazer for women,Cottinfab,Striped Single-Breasted Pure Cotton Casual Blazer,https://www.myntra.com/blazers/cottinfab/cottinfab-striped-single-breasted-pure-cotton-casual-blazer/30572462/buy,"https://assets.myntassets.com/h_720,q_90,w_540/v1/assets/images/30572462/2024/8/27/1ca2ff45-b503-4ea3-b301-4ec996623c291724754439729-Cottinfab-Pink-Striped-Pure-Cotton-Single-Breasted-Regular-F-1.jpg",MRP ‚Çπ2599,‚Çπ1039,"4
|
37 Ratings",Looks classy. Fabric is also cotton | Good,S (In Stock); L (In Stock); XL (In Stock); XXL (In Stock); 3XL (In Stock),
pink blazer for women,Golden Kite,Women Notched Lapel Single Breasted Formal Blazer,https://www.myntra.com/blazers/golden+kite/golden-kite-women-notched-lapel-single-breasted-formal-blazer/31132932/buy,"https://assets.myntassets.com/h_720,q_90,w_540/v1/assets/images/2024/SEPTEMBER/27/sXb9JwJk_bf9557220c954f5fb78449f3cdd84af0.jpg",MRP ‚Çπ2699,‚Çπ1133,"4.5
|
6 Ratings",No reviews,XS (In Stock); S (In Stock); M (In Stock); L (In Stock); XL (In Stock),
yellow maxi dress,SHINISHA,Women Printed Puff Sleeve Fit & Flare Maxi Dress,https://www.myntra.com/dresses/shinisha/shinisha-women-printed-puff-sleeve-fit--flare-maxi-dress/32087244/buy,"https://assets.myntassets.com/h_720,q_90,w_540/v1/assets/images/32087244/2024/12/26/1ad74bc8-ac8a-47e7-af30-2201dae7c5481735156560776SHINISHAPrintPuffSleeveGeorgetteFitFlareMaxiDress1.jpg",MRP ‚Çπ3999,‚Çπ1199,"4.1
|
222 Ratings",Fabric nd fit is nice...I thought it was a combination of yellow n white but it's notüòêit has nice pocket comfortable to wear in summers too‚ù§Ô∏è | The fit is good and it also has a one side pocket. Loved the design too | The fabric is good and the dress looks good as well,S (In Stock); M (In Stock); L (In Stock); XL (In Stock); XXL (In Stock); 3XL (In Stock); 4XL (In Stock); 5XL (In Stock),
yellow maxi dress,aayu,Women Fit & Flare Lace-Up Maxi Dress,https://www.myntra.com/dresses/aayu/aayu-women--fit--flare-lace-up-maxi-dress/31419387/buy,"https://assets.myntassets.com/h_720,q_90,w_540/v1/assets/images/2024/OCTOBER/25/edyuo8FK_f64e17f73ea74affb80569f40c303c45.jpg",MRP ‚Çπ3599,‚Çπ755,"4.2
|
559 Ratings",So beautiful and vibrant.... Feels like a dream.... Fits perfectly...,S (In Stock); M (In Stock); L (In Stock); XL (In Stock),
yellow maxi dress,THE INDIAN ETHNIC CO,Yellow A-Line Dabu Slub Cotton Dress,https://www.myntra.com/dresses/the+indian+ethnic+co/the-indian-ethnic-co-yellow-a-line-dabu-slub-cotton-dress/32377038/buy,"https://assets.myntassets.com/h_720,q_90,w_540/v1/assets/images/2025/JANUARY/17/BPYF3YLg_5dffbb9b31bd42ef8ee1281a4337872a.jpg",MRP,MRP‚Çπ 4450,N/A,No reviews,XS (In Stock); S (In Stock); M (In Stock); L (In Stock); XL (In Stock); XXL (In Stock); 3XL (In Stock); 4XL (In Stock); 5XL (In Stock); 6XL (In Stock),
yellow maxi dress,Sangria,Girls Self Design Fit & Flared Dress,https://www.myntra.com/dresses/sangria/sangria-girls-self-design-fit--flared-dress/32372218/buy,"https://assets.myntassets.com/h_720,q_90,w_540/v1/assets/images/2025/JANUARY/17/CFuL5sOj_ed930a1eb53746b288500b936803c63f.jpg",MRP ‚Çπ3249,‚Çπ747,"3.5
|
13 Ratings",Nice | The color and design is same as pic. The frock has glitter too and it really looks amazing on anyone who wears it,3-4Y (In Stock); 5-6Y (In Stock); 6-7Y (In Stock); 7-8Y (In Stock); 8-9Y (In Stock); 10-11Y (In Stock); 12-13Y (In Stock); 14-15Y (In Stock),
yellow maxi dress,Vishudh,Womens Ethnic Motifs Printed Chanderi Anarkali With Dupatta Maxi Dress,https://www.myntra.com/dresses/vishudh/vishudh--womens-ethnic-motifs-printed-chanderi-anarkali-with-dupatta-maxi-dress/30824284/buy,"https://assets.myntassets.com/h_720,q_90,w_540/v1/assets/images/30824284/2024/9/13/1e27785c-c1fa-468b-b0fd-292a1143e38f1726188839892-Vishudh-Ethnic-Motifs-Print-A-Line-Maxi-Dress-14717261888395-1.jpg",MRP ‚Çπ4949,‚Çπ1286,"4.2
|
67 Ratings","The dupatta doesn't match the image. Also the bust size is not correct as it is suggesting. Apart from that, all good. | Very good quality and shinning thanku so much ‚ô•Ô∏è | Beautiful kurta set.... Nice fabric. ...",S (In Stock); M (In Stock); L (In Stock); XL (In Stock),
yellow maxi dress,THE PLUSH CLUB,Floral Print Maxi Dress,https://www.myntra.com/dresses/the+plush+club/the-plush-club-floral-print-maxi-dress/33042137/buy,"https://assets.myntassets.com/h_720,q_90,w_540/v1/assets/images/2025/MARCH/4/avnBUgKu_6664146c4a6d42c3b0d97e5dfac4fb78.jpg",MRP,MRP‚Çπ 1749,N/A,No reviews,6-12M (In Stock); 12-18M (In Stock); 18-24M (In Stock),
yellow maxi dress,YK,Polka Dot Print Peplum Maxi Dress,https://www.myntra.com/dresses/yk/yk-polka-dot-print-peplum-maxi-dress/32484377/buy,"https://assets.myntassets.com/h_720,q_90,w_540/v1/assets/images/2025/JANUARY/24/MtKBPWJO_f1afa09149064ca19cf3ffe59119a7ec.jpg",MRP ‚Çπ999,‚Çπ499,"3.7
|
43 Ratings",Nice,12-18M (In Stock); 18-24M (In Stock); 2-3Y (In Stock),
yellow maxi dress,aayu,Self Design Shirt Collar Long Sleeves Gathered Accordion Pleated Georgette Maxi Dress,https://www.myntra.com/dresses/aayu/aayu-self-design-shirt-collar-long-sleeves-gathered-accordion-pleated-georgette-maxi-dress/28811578/buy,"https://assets.myntassets.com/h_720,q_90,w_540/v1/assets/images/28811578/2024/4/9/acde8569-a361-46bd-be6f-128dccb0aa041712666477409aayuGeorgetteMaxiDress1.jpg",MRP ‚Çπ3999,‚Çπ759,"4.1
|
166 Ratings",I recently purchased this maxi dress and I'm absolutely thrilled with it. The dress is made of a lightweight and stylish. The length is perfect and v- neckline adds a touch f sophistication.,S (In Stock); M (In Stock); L (In Stock); XL (In Stock),
yellow maxi dress,FASHION DREAM,Yellow Ethnic Motifs Crepe Ethnic Maxi Dress,https://www.myntra.com/ethnic-dresses/fashion+dream/fashion-dream-yellow-ethnic-motifs-crepe-ethnic-maxi-dress/19419740/buy,"https://assets.myntassets.com/h_720,q_90,w_540/v1/assets/images/19419740/2022/8/6/127d8f25-a1b1-47ff-b36c-26947903fce21659800953039Dresses1.jpg",MRP ‚Çπ3499,‚Çπ728,"4
|
105 Ratings","This was my first time shopping on Myntra, and I couldn‚Äôt be happier! The entire process was smooth and hassle-free. I received all my products on time, and they are of excellent quality, just as described. Time-saving: Shopping online saved me so much time. Value for Money: The products were worth every penny! Quality: The best part is that the products matched the description perfectly and are of great quality. I will definitely be shopping on Myntra again. Highly recommended for anyone looking for quality and convenience! | The neck hole is too small and the chest has no opening so it is too tight to put on through the head and hands. | Good fabric and good fitting",5-6Y (In Stock); 7-8Y (In Stock); 9-10Y (In Stock); 11-12Y (In Stock); 13-14Y (In Stock),
yellow maxi dress,Nayo,Floral Print Maternity Maxi Dress,https://www.myntra.com/dresses/nayo/nayo-floral-print-maternity-maxi-dress/29650902/buy,"https://assets.myntassets.com/h_720,q_90,w_540/v1/assets/images/29650902/2024/5/28/fa786083-9380-419f-ac77-8531725ec32a1716886806784-Nayo-Floral-Print-Maternity-Maxi-Dress-7801716886806331-1.jpg",MRP ‚Çπ2499,‚Çπ999,"4.2
|
396 Ratings",Very good pure cotton fabric.. first i thought it won't fit me as the bust size mentioned for 2xl is 44.. but it has extra space... Would buy more Nayo dresses | So comfortable and beautiful print ‚ù§Ô∏è‚ù§Ô∏è,M (In Stock); L (In Stock); XL (In Stock); XXL (In Stock),
